,Unnamed: 0,Distance_km,Traffic_Level,Preparation_Time_min,Courier_Experience_yrs,Delivery_Time_min,Time_Category,weather_category,Vehicle_Type_Car,Vehicle_Type_Scooter
0,0,7.93,1,12,1.0,43,0,1.0,0,1
1,1,16.42,2,20,2.0,84,1,1.0,0,0
2,2,9.52,1,28,1.0,59,1,0.0,0,1
3,3,7.44,2,5,1.0,37,0,0.0,0,1
4,4,19.03,1,16,5.0,68,1,1.0,0,0
5,5,19.4,1,8,9.0,57,1,1.0,0,1
6,6,9.52,1,12,1.0,49,1,1.0,0,0
7,7,17.39,2,5,6.0,46,1,1.0,0,1
8,8,1.78,1,20,6.0,35,1,0.0,1,0
9,9,10.62,1,29,1.0,73,1,0.0,0,1
10,10,16.86,2,13,4.0,88,0,0.0,1,0
11,11,15.54,1,29,1.0,76,1,1.0,0,0
12,12,10.89,3,12,5.0,53,1,1.0,0,0
13,13,4.69,2,12,7.0,36,1,0.0,0,1
14,14,2.8,3,10,5.0,33,1,1.0,0,1
15,15,2.17,1,15,3.0,35,1,0.0,1,0
16,16,17.86,1,5,1.0,50,0,0.0,0,0
17,17,2.53,1,6,8.0,24,1,0.0,0,0
18,18,6.58,1,6,7.0,27,1,0.0,1,0
19,19,5.38,2,26,1.0,47,1,1.0,0,1
20,20,15.56,1,28,0.0,72,0,0.0,0,1
21,21,13.08,1,16,4.0,58,1,0.0,1,0
22,22,0.86,3,26,5.0,37,0,1.0,0,0
23,23,5.83,3,27,9.0,56,1,1.0,1,0
24,24,11.2,2,23,5.0,73,1,1.0,0,0
25,25,14.59,2,15,6.0,64,1,1.0,0,0
26,26,12.91,2,11,6.0,56,1,1.0,0,0
27,27,13.92,1,18,4.0,70,1,0.0,0,1
28,28,4.04,1,11,9.0,70,1,0.0,0,0
29,29,18.05,2,10,7.0,123,1,1.0,0,1
30,30,12.88,2,8,5.0,52,1,1.0,0,1
31,31,19.45,3,20,6.0,108,1,0.0,0,1
32,32,4.58,3,22,9.0,45,1,1.0,0,1
33,33,19.73,2,27,4.0,111,1,0.0,0,0
34,34,2.47,2,27,2.0,44,1,1.0,0,0
35,35,17.8,2,16,9.0,73,1,0.0,0,0
36,36,5.96,2,22,7.0,45,0,1.0,0,0
37,37,12.85,2,18,7.0,61,0,1.0,0,1
38,38,1.02,2,25,4.0,34,0,1.0,0,0
39,39,6.84,2,14,8.0,47,1,0.0,1,0
40,40,8.68,2,8,5.0,52,1,0.0,0,0
41,41,10.69,2,25,9.0,67,1,1.0,0,0
42,42,0.99,2,15,5.0,32,1,1.0,0,0
43,43,1.11,1,5,6.0,8,1,1.0,0,0
44,44,2.16,1,15,0.0,36,1,0.0,0,1
45,45,13.17,2,16,4.0,67,0,1.0,0,0
46,46,8.79,1,14,6.0,43,1,0.0,0,0
47,47,5.93,1,19,3.0,36,0,1.0,0,1
48,48,2.09,1,23,2.0,36,1,0.0,0,0
49,49,7.57,1,21,0.0,56,1,1.0,0,0
50,50,10.52,2,8,4.0,56,0,0.0,0,1
51,51,4.83,1,25,9.0,47,1,0.0,1,0
52,52,19.81,2,20,5.0,104,0,0.0,1,0
53,53,10.1,1,8,4.0,50,1,0.0,1,0
54,54,7.64,1,10,8.0,31,0,1.0,1,0
55,55,12.35,1,10,6.0,35,1,1.0,0,1
56,56,5.9,1,26,9.0,44,1,0.0,1,0
57,57,0.9,1,20,8.0,23,0,1.0,0,0
58,58,11.58,2,16,2.0,61,1,1.0,0,1
59,59,16.16,3,11,1.0,82,0,1.0,0,0
60,60,15.51,1,17,9.0,69,1,1.0,0,0
61,61,12.16,3,11,0.0,69,1,1.0,0,1
62,62,4.96,3,21,0.0,60,1,0.0,0,0
63,63,3.64,3,17,6.0,40,1,1.0,0,0
64,64,2.85,1,26,0.0,38,1,1.0,0,1
65,65,10.4,1,16,4.0,52,1,1.0,0,0
66,66,12.31,1,29,4.0,68,1,1.0,0,0
67,67,3.53,2,13,7.0,31,0,1.0,0,0
68,68,15.56,2,14,3.0,54,1,1.0,0,0
69,69,13.6,2,27,0.0,87,0,1.0,0,0
70,70,15.23,3,5,0.0,62,1,0.0,0,0
71,71,4.17,1,5,1.0,22,1,1.0,0,1
72,72,3.21,3,16,0.0,42,1,0.0,0,1
73,73,6.38,1,16,1.0,111,1,0.0,0,0
74,74,16.54,1,6,7.0,51,0,0.0,0,1
75,75,12.02,1,9,7.0,41,1,1.0,1,0
76,76,11.94,1,20,3.0,69,1,1.0,0,0
77,77,9.08,1,14,5.0,49,0,1.0,0,1
78,78,3.46,2,23,3.0,48,1,0.0,0,1
79,79,6.8,2,13,7.0,46,1,0.0,0,1
80,80,17.38,2,11,2.0,92,0,0.0,0,1
81,81,3.25,1,23,7.0,32,1,1.0,0,0
82,82,10.28,2,29,3.0,71,1,1.0,0,1
83,83,16.14,1,6,9.0,65,1,1.0,1,0
84,84,3.55,2,23,0.0,43,1,1.0,0,0
85,85,10.65,2,23,8.0,58,0,1.0,0,1
86,86,19.03,1,26,5.0,68,0,1.0,1,0
87,87,7.3,1,14,7.0,28,1,1.0,0,1
88,88,7.03,1,21,1.0,44,1,1.0,0,1
89,89,12.43,1,12,0.0,70,0,0.0,1,0
90,90,12.76,3,27,5.0,74,1,1.0,0,1
91,91,11.39,3,14,1.0,72,1,0.0,0,1
92,92,19.41,1,7,3.0,48,1,1.0,1,0
93,93,13.17,3,17,8.0,69,1,0.0,0,1
94,94,8.32,1,12,2.0,49,0,0.0,1,0
95,95,1.92,1,8,7.0,14,1,1.0,0,0
96,96,1.15,1,26,4.0,30,0,1.0,0,1
97,97,17.8,3,12,9.0,73,0,1.0,1,0
98,98,7.46,2,8,5.0,42,1,1.0,0,0
99,99,7.25,2,18,4.0,45,0,1.0,0,1
100,100,16.7,2,28,1.0,76,0,1.0,0,1
101,101,17.2,3,14,2.0,94,0,0.0,0,1
102,102,0.86,2,21,7.0,28,0,1.0,1,0
103,103,18.76,2,15,2.0,80,1,1.0,1,0
104,104,9.22,2,18,9.0,57,0,1.0,1,0
105,105,2.84,1,24,2.0,35,1,1.0,0,1
106,106,17.59,1,24,6.0,69,1,1.0,0,0
107,107,14.89,3,17,6.0,87,1,0.0,0,1
108,108,1.3,2,22,4.0,31,1,1.0,0,0
109,109,18.99,3,10,6.0,70,0,0.0,0,0
110,110,1.6,1,24,5.0,37,1,0.0,0,1
111,111,8.26,1,15,1.0,57,0,0.0,0,0
112,112,10.16,3,12,5.0,52,1,1.0,0,0
113,113,12.03,2,20,5.0,65,1,1.0,1,0
114,114,14.73,1,24,6.0,74,0,0.0,0,0
115,115,12.56,3,17,5.0,69,1,1.0,0,0
116,116,5.53,2,19,1.0,44,0,1.0,0,0
117,117,10.18,2,25,3.0,73,1,0.0,0,0
118,118,15.5,2,28,9.0,91,1,1.0,0,1
119,119,2.98,2,11,2.0,27,1,0.0,0,0
120,120,16.69,2,8,2.0,65,1,0.0,0,1
121,121,11.22,3,25,5.0,79,1,1.0,0,0
122,122,8.53,1,8,2.0,41,1,1.0,0,1
123,123,12.49,2,25,4.0,77,1,1.0,0,0
124,124,0.97,1,24,8.0,26,1,1.0,0,1
125,125,12.6,2,8,6.0,58,0,1.0,1,0
126,126,6.91,2,28,9.0,56,1,1.0,0,1
127,127,18.97,1,25,4.0,141,1,1.0,1,0
128,128,4.05,2,20,5.0,44,1,1.0,0,0
129,129,14.29,2,14,7.0,78,1,1.0,0,0
130,130,1.3,1,19,5.0,29,1,0.0,0,0
131,131,12.11,1,9,5.0,59,1,0.0,0,0
132,132,14.94,2,11,0.0,62,1,1.0,0,0
133,133,2.29,3,8,8.0,80,0,0.0,1,0
134,134,17.36,3,24,1.0,105,0,0.0,0,0
135,135,18.48,2,8,0.0,82,1,1.0,0,0
136,136,16.25,3,10,5.0,91,1,0.0,0,0
137,137,5.13,1,15,4.0,30,1,1.0,1,0
138,138,15.81,1,25,1.0,92,1,1.0,1,0
139,139,0.61,1,10,0.0,16,0,1.0,0,1
140,140,5.55,3,18,1.0,116,1,0.0,0,0
141,141,19.35,3,12,7.0,75,1,1.0,0,0
142,142,4.03,2,9,5.0,25,1,1.0,0,0
143,143,7.09,1,13,8.0,37,1,0.0,0,1
144,144,8.25,2,7,9.0,28,0,1.0,0,0
145,145,11.26,1,5,6.0,49,1,1.0,0,0
146,146,19.7,1,10,2.0,60,1,0.0,0,0
147,147,0.8,3,14,9.0,36,1,0.0,0,0
148,148,7.0,2,17,9.0,49,1,0.0,0,0
149,149,14.43,2,14,4.0,113,1,1.0,1,0
150,150,6.89,2,11,6.0,43,0,0.0,0,0
151,151,5.13,2,25,1.0,60,1,0.0,1,0
152,152,1.5,1,10,1.0,17,0,1.0,0,0
153,153,2.78,3,9,0.0,41,0,1.0,0,1
154,154,11.31,2,7,0.0,54,1,1.0,0,0
155,155,15.05,2,12,2.0,66,1,1.0,1,0
156,156,5.78,1,9,9.0,33,0,0.0,0,1
157,157,11.83,1,9,7.0,32,1,1.0,0,1
158,158,8.08,1,25,2.0,61,1,0.0,0,0
159,159,16.1,1,25,0.0,64,1,1.0,0,0
160,160,9.74,2,7,8.0,37,1,0.0,0,1
161,161,17.6,1,27,3.0,69,0,1.0,0,0
162,162,10.22,2,18,1.0,68,1,0.0,0,0
163,163,2.19,1,26,3.0,32,1,1.0,0,0
164,164,11.41,2,17,4.0,68,0,1.0,0,1
165,165,4.14,2,14,2.0,30,1,1.0,0,1
166,166,12.65,1,18,8.0,60,0,0.0,0,0
167,167,4.15,2,17,8.0,46,1,1.0,1,0
168,168,16.8,3,19,4.0,85,1,1.0,1,0
169,169,9.06,2,23,4.0,47,1,1.0,0,0
170,170,13.04,2,20,6.0,65,1,1.0,0,1
171,171,10.7,2,8,5.0,44,0,1.0,0,1
172,172,6.15,1,26,5.0,48,1,0.0,0,1
173,173,16.47,3,20,9.0,75,1,0.0,0,1
174,174,1.39,2,15,4.0,24,0,1.0,0,0
175,175,11.14,2,7,3.0,47,1,0.0,0,1
176,176,3.81,3,5,6.0,31,0,0.0,0,0
177,177,2.39,2,27,7.0,43,1,0.0,0,0
178,178,11.74,3,6,3.0,54,1,1.0,1,0
179,179,8.26,1,21,4.0,80,1,1.0,1,0
180,180,9.54,2,11,5.0,47,1,0.0,0,1
181,181,3.88,2,16,2.0,35,1,1.0,0,0
182,182,0.95,2,27,0.0,44,1,0.0,1,0
183,183,8.59,1,17,8.0,36,1,1.0,0,1
184,184,8.59,1,22,2.0,43,1,1.0,0,0
185,185,14.21,2,24,5.0,58,1,1.0,0,0
186,186,13.03,1,9,1.0,50,1,0.0,0,1
187,187,8.03,1,14,8.0,42,1,1.0,0,1
188,188,13.2,1,14,3.0,62,1,0.0,1,0
189,189,12.67,2,10,3.0,65,1,1.0,1,0
190,190,17.54,2,16,8.0,54,1,1.0,1,0
191,191,9.32,1,6,5.0,30,1,1.0,0,1
192,192,6.03,3,8,6.0,46,0,0.0,1,0
193,193,15.71,1,28,5.0,69,0,1.0,0,1
194,194,4.87,3,16,7.0,54,1,0.0,0,0
195,195,18.15,3,22,7.0,108,1,0.0,0,0
196,196,0.78,2,6,1.0,17,1,1.0,0,0
197,197,0.6,1,26,3.0,30,0,1.0,0,0
198,198,2.09,2,5,5.0,16,1,1.0,0,0
199,199,7.49,2,13,9.0,45,1,1.0,0,1
200,200,1.41,2,15,0.0,72,1,0.0,0,0
201,201,18.92,3,27,4.0,100,1,1.0,0,1
202,202,12.41,2,10,1.0,51,1,1.0,1,0
203,203,1.06,1,19,6.0,21,0,1.0,0,1
204,204,18.34,3,9,4.0,92,1,1.0,0,0
205,205,13.52,1,27,1.0,82,1,1.0,0,1
206,206,16.79,3,24,6.0,85,0,0.0,0,0
207,207,15.39,2,24,5.0,89,1,1.0,0,1
208,208,7.39,2,25,6.0,60,1,0.0,0,1
209,209,10.98,1,10,6.0,55,1,0.0,0,1
210,210,11.08,2,9,0.0,57,1,0.0,0,0
211,211,5.41,2,14,5.0,36,1,1.0,0,0
212,212,0.94,3,9,6.0,21,1,1.0,0,0
213,213,7.27,1,10,5.0,35,0,1.0,0,0
214,214,2.99,2,27,5.0,41,1,1.0,0,0
215,215,15.28,1,16,5.0,72,1,0.0,0,0
216,216,2.48,2,14,6.0,27,0,1.0,1,0
217,217,17.13,1,19,1.0,71,1,0.0,1,0
218,218,7.17,1,15,7.0,32,0,1.0,0,0
219,219,5.47,1,21,6.0,38,1,0.0,1,0
220,220,19.53,1,11,6.0,87,0,0.0,0,0
221,221,7.5,3,29,1.0,66,1,1.0,0,0
222,222,5.61,1,25,9.0,48,1,1.0,0,0
223,223,4.1,1,21,3.0,37,1,1.0,0,0
224,224,6.22,2,15,0.0,49,1,0.0,0,0
225,225,14.77,3,11,6.0,67,1,1.0,0,1
226,226,12.55,1,13,8.0,51,1,1.0,0,0
227,227,10.31,2,19,5.0,62,1,0.0,0,1
228,228,8.72,2,18,7.0,64,1,0.0,1,0
229,229,17.07,2,20,6.0,73,1,1.0,0,0
230,230,8.27,3,13,5.0,58,0,1.0,0,1
231,231,7.54,1,20,5.0,55,0,0.0,0,0
232,232,14.07,3,5,8.0,67,0,1.0,0,0
233,233,19.02,2,29,9.0,87,0,1.0,0,0
234,234,19.0,3,28,3.0,96,1,1.0,1,0
235,235,3.83,2,12,9.0,30,0,0.0,0,0
236,236,10.3,1,19,8.0,48,1,1.0,0,1
237,237,8.09,3,15,4.0,51,0,1.0,0,1
238,238,18.06,2,9,8.0,52,1,1.0,0,0
239,239,2.76,2,8,5.0,22,1,1.0,0,1
240,240,12.17,1,20,8.0,68,1,0.0,0,0
241,241,12.33,2,22,9.0,75,1,1.0,0,0
242,242,1.38,2,5,8.0,13,1,1.0,0,1
243,243,18.49,1,14,6.0,71,0,1.0,0,1
244,244,10.57,1,28,9.0,59,0,0.0,0,0
245,245,2.0,3,10,2.0,30,1,1.0,0,1
246,246,3.29,2,17,4.0,32,0,1.0,0,1
247,247,1.94,2,16,0.0,35,1,0.0,0,0
248,248,6.56,2,14,1.0,47,1,1.0,0,0
249,249,9.58,3,26,8.0,60,0,1.0,1,0
250,250,6.95,2,25,2.0,58,1,1.0,0,1
251,251,14.05,3,19,0.0,72,1,1.0,0,1
252,252,18.97,3,20,8.0,108,1,0.0,0,0
253,253,13.53,1,28,8.0,78,1,0.0,0,0
254,254,15.14,2,8,6.0,66,1,0.0,0,0
255,255,5.96,1,26,6.0,48,0,1.0,0,0
256,256,3.43,2,7,6.0,23,1,1.0,0,0
257,257,6.24,2,15,3.0,52,1,1.0,0,0
258,258,17.94,3,22,6.0,85,1,0.0,0,1
259,259,3.54,2,10,5.0,32,1,0.0,0,0
260,260,16.38,2,7,5.0,90,1,0.0,0,0
261,261,7.81,1,11,4.0,42,1,1.0,0,0
262,262,8.84,2,26,0.0,57,1,1.0,0,0
263,263,14.09,2,12,3.0,55,0,1.0,0,1
264,264,11.92,1,14,4.0,46,0,1.0,0,1
265,265,17.3,1,9,0.0,67,1,1.0,0,1
266,266,14.08,3,28,6.0,66,1,1.0,0,0
267,267,2.8,3,28,1.0,50,0,1.0,0,0
268,268,17.96,2,22,2.0,76,1,1.0,0,0
269,269,14.09,3,12,6.0,67,0,1.0,0,0
270,270,9.39,1,14,2.0,37,1,1.0,0,0
271,271,17.9,1,23,5.0,85,1,1.0,0,0
272,272,4.55,1,5,6.0,21,0,0.0,0,0
273,273,6.24,1,20,4.0,51,0,0.0,0,0
274,274,16.92,1,29,0.0,70,1,1.0,0,1
275,275,14.31,2,9,8.0,47,1,1.0,0,0
276,276,14.66,2,20,2.0,77,1,1.0,0,0
277,277,2.23,1,7,6.0,14,1,1.0,0,0
278,278,12.65,1,15,4.0,66,1,1.0,0,0
279,279,7.24,2,28,6.0,65,1,0.0,0,0
280,280,3.01,2,14,4.0,26,1,1.0,0,0
281,281,11.52,2,25,2.0,58,1,1.0,0,1
282,282,3.95,1,13,5.0,25,0,1.0,0,0
283,283,1.09,2,6,2.0,17,1,1.0,0,1
284,284,13.99,3,7,3.0,96,1,1.0,0,1
285,285,19.32,3,21,7.0,112,1,0.0,1,0
286,286,11.72,1,11,9.0,42,1,0.0,0,0
287,287,2.13,1,9,2.0,22,1,0.0,0,1
288,288,8.17,2,20,9.0,44,0,1.0,0,1
289,289,12.21,3,9,4.0,57,1,1.0,0,0
290,290,3.17,2,17,6.0,33,1,1.0,0,1
291,291,18.68,1,11,8.0,62,0,0.0,0,0
292,292,10.95,2,24,4.0,55,1,1.0,0,1
293,293,19.26,2,21,6.0,67,1,1.0,0,1
294,294,9.44,2,28,8.0,63,1,0.0,0,1
295,295,4.86,2,25,4.0,52,1,0.0,1,0
296,296,5.81,1,25,8.0,51,0,0.0,0,0
297,297,7.34,1,22,8.0,47,1,0.0,0,0
298,298,17.39,2,25,4.0,100,1,0.0,0,0
299,299,5.22,1,11,9.0,40,1,0.0,0,0
300,300,12.32,2,17,4.0,71,1,1.0,0,1
301,301,2.15,2,17,6.0,30,0,1.0,1,0
302,302,9.36,3,17,2.0,65,1,0.0,0,1
303,303,2.28,2,27,9.0,39,1,1.0,0,1
304,304,14.54,2,29,2.0,73,1,1.0,0,0
305,305,12.15,3,12,6.0,63,1,1.0,1,0
306,306,1.4,1,9,9.0,17,1,1.0,0,0
307,307,3.37,3,9,5.0,28,1,1.0,0,0
308,308,3.85,2,26,3.0,46,0,0.0,0,0
309,309,9.03,1,11,5.0,43,1,1.0,0,0
310,310,17.99,1,15,3.0,63,0,0.0,0,0
311,311,16.35,2,16,0.0,66,1,1.0,0,0
312,312,19.61,3,8,6.0,72,1,1.0,0,0
313,313,16.29,1,20,1.0,72,1,1.0,0,0
314,314,7.84,1,6,4.0,28,0,1.0,0,0
315,315,18.17,1,13,0.0,71,0,0.0,1,0
316,316,17.89,1,27,1.0,101,1,1.0,0,0
317,317,13.34,2,20,6.0,53,1,1.0,0,0
318,318,4.43,1,10,1.0,63,1,0.0,0,1
319,319,13.21,2,12,4.0,63,1,1.0,0,1
320,320,2.76,2,6,2.0,27,1,1.0,0,0
321,321,1.5,2,15,4.0,32,1,0.0,0,1
322,322,11.04,2,8,2.0,54,0,1.0,0,1
323,323,1.22,2,6,5.0,14,1,1.0,0,1
324,324,14.58,1,13,5.0,57,0,1.0,0,0
325,325,18.26,3,28,7.0,93,1,0.0,0,1
326,326,3.88,1,27,9.0,42,1,0.0,1,0
327,327,18.07,3,5,2.0,67,0,1.0,0,1
328,328,12.11,2,28,0.0,75,1,1.0,0,0
329,329,7.08,2,5,8.0,27,0,1.0,0,1
330,330,3.12,1,14,5.0,28,1,0.0,0,1
331,331,2.03,3,14,4.0,36,1,0.0,1,0
332,332,1.8,2,14,1.0,28,1,1.0,0,0
333,333,5.42,1,11,9.0,26,1,1.0,0,1
334,334,7.8,1,23,5.0,52,1,1.0,0,1
335,335,8.47,1,19,0.0,48,0,0.0,0,1
336,336,6.79,1,16,1.0,39,1,0.0,0,1
337,337,13.6,2,23,6.0,83,0,0.0,0,1
338,338,13.06,3,17,8.0,59,1,0.0,0,0
339,339,19.93,1,6,6.0,59,0,0.0,0,0
340,340,11.3,2,15,8.0,70,0,0.0,0,0
341,341,6.74,2,21,9.0,47,1,0.0,1,0
342,342,10.49,1,28,9.0,66,1,0.0,0,0
343,343,8.83,2,12,3.0,109,1,1.0,0,1
344,344,7.15,3,29,7.0,60,1,1.0,1,0
345,345,15.94,1,24,2.0,77,1,1.0,0,0
346,346,11.26,3,14,2.0,70,0,0.0,0,0
347,347,11.87,2,10,6.0,43,1,1.0,0,0
348,348,2.83,2,14,6.0,28,0,1.0,0,1
349,349,11.74,1,20,1.0,52,0,1.0,1,0
350,350,2.71,1,6,1.0,20,1,1.0,0,1
351,351,10.47,3,14,7.0,55,1,1.0,0,1
352,352,4.5,3,24,0.0,66,1,0.0,0,0
353,353,19.74,1,21,7.0,71,1,1.0,1,0
354,354,1.23,1,18,6.0,21,1,1.0,0,0
355,355,4.83,1,11,1.0,29,1,1.0,0,0
356,356,1.51,3,14,2.0,32,0,1.0,0,0
357,357,1.62,1,9,8.0,16,1,1.0,0,0
358,358,11.31,3,20,0.0,67,1,1.0,0,0
359,359,6.05,2,24,0.0,48,1,1.0,1,0
360,360,10.14,2,20,1.0,59,1,1.0,0,1
361,361,9.45,1,13,0.0,49,0,1.0,1,0
362,362,6.8,3,28,5.0,55,1,1.0,0,0
363,363,15.65,1,27,0.0,76,0,1.0,0,0
364,364,2.26,2,6,3.0,19,1,1.0,0,1
365,365,12.05,1,29,4.0,61,1,1.0,0,1
366,366,8.25,2,24,4.0,62,1,1.0,1,0
367,367,12.85,2,23,0.0,80,0,0.0,0,1
368,368,15.14,2,15,4.0,71,1,1.0,0,0
369,369,4.59,1,19,8.0,36,1,0.0,0,1
370,370,12.02,1,26,0.0,63,0,1.0,0,0
371,371,19.8,3,7,3.0,88,1,1.0,0,0
372,372,19.27,3,14,6.0,92,0,0.0,0,0
373,373,4.92,3,12,0.0,41,1,1.0,0,1
374,374,1.63,2,24,5.0,38,1,0.0,0,0
375,375,18.04,2,8,5.0,71,1,1.0,0,0
376,376,19.4,2,23,9.0,92,0,0.0,0,1
377,377,16.4,3,12,2.0,70,1,1.0,0,1
378,378,12.01,1,5,7.0,42,1,1.0,1,0
379,379,18.46,2,29,1.0,153,1,1.0,0,1
380,380,13.09,1,17,1.0,69,1,1.0,0,1
381,381,1.22,3,14,2.0,38,0,0.0,0,1
382,382,10.36,2,7,8.0,39,0,0.0,0,0
383,383,4.31,2,9,2.0,35,0,0.0,0,0
384,384,13.32,2,26,0.0,71,0,1.0,0,0
385,385,16.1,1,16,6.0,61,1,1.0,1,0
386,386,14.11,3,24,3.0,93,1,0.0,0,1
387,387,2.84,2,28,1.0,44,1,1.0,0,1
388,388,16.09,1,13,6.0,69,1,0.0,1,0
389,389,16.05,2,11,2.0,89,1,0.0,0,0
390,390,13.37,3,17,8.0,63,0,1.0,0,1
391,391,10.16,2,10,1.0,67,1,0.0,0,0
392,392,6.13,2,22,0.0,48,1,1.0,0,1
393,393,4.96,1,10,7.0,28,0,0.0,1,0
394,394,3.0,1,29,1.0,43,1,1.0,0,1
395,395,2.23,2,14,0.0,41,1,0.0,1,0
396,396,17.96,2,26,0.0,74,1,1.0,0,1
397,397,7.8,2,11,7.0,49,1,0.0,0,0
398,398,10.9,3,6,8.0,47,0,1.0,0,1
399,399,3.17,1,17,1.0,28,0,1.0,0,0
400,400,9.39,2,21,9.0,50,1,1.0,0,1
401,401,17.44,1,25,9.0,89,1,1.0,0,0
402,402,3.02,2,23,1.0,46,1,0.0,0,0
403,403,19.99,3,17,1.0,112,1,0.0,0,0
404,404,16.22,3,22,0.0,102,1,0.0,0,0
405,405,2.74,3,18,9.0,37,0,1.0,0,0
406,406,5.74,3,13,9.0,46,1,0.0,0,0
407,407,9.75,1,22,7.0,50,0,1.0,0,0
408,408,15.62,2,23,7.0,78,0,0.0,0,1
409,409,16.54,2,25,7.0,77,0,0.0,0,0
410,410,7.84,1,7,8.0,36,1,0.0,0,1
411,411,17.44,1,23,0.0,85,1,1.0,1,0
412,412,11.08,3,16,6.0,70,0,1.0,0,0
413,413,17.61,2,21,9.0,79,1,1.0,0,1
414,414,8.28,1,29,7.0,58,1,0.0,1,0
415,415,15.32,2,17,6.0,80,1,1.0,0,0
416,416,3.83,1,27,3.0,49,1,0.0,1,0
417,417,3.25,2,29,0.0,51,1,0.0,0,1
418,418,19.75,2,25,1.0,103,1,1.0,0,0
419,419,15.19,1,6,4.0,53,1,0.0,0,1
420,420,8.92,2,25,4.0,62,1,1.0,0,0
421,421,18.63,1,11,5.0,85,0,1.0,0,0
422,422,12.74,1,18,0.0,67,1,1.0,0,1
423,423,18.13,3,21,2.0,88,1,0.0,0,0
424,424,2.47,1,22,6.0,34,0,0.0,1,0
425,425,18.15,2,11,2.0,89,1,1.0,0,0
426,426,1.74,3,8,9.0,28,0,0.0,0,1
427,427,5.79,2,26,6.0,49,1,1.0,0,0
428,428,5.75,3,7,4.0,37,1,1.0,0,1
429,429,17.41,2,20,4.0,80,1,0.0,0,0
430,430,1.2,1,24,7.0,33,1,0.0,0,1
431,431,8.07,1,21,4.0,48,1,1.0,0,0
432,432,1.88,2,24,7.0,35,1,1.0,0,1
433,433,0.72,2,9,2.0,23,0,0.0,0,1
434,434,14.19,2,9,1.0,57,0,1.0,0,0
435,435,16.73,3,9,7.0,71,0,1.0,0,1
436,436,18.53,1,8,8.0,57,0,0.0,0,1
437,437,4.32,1,21,9.0,34,1,1.0,0,0
438,438,13.6,3,9,7.0,61,1,0.0,0,0
439,439,18.46,1,19,9.0,94,1,0.0,0,0
440,440,7.67,1,9,2.0,31,1,1.0,1,0
441,441,8.23,1,17,3.0,56,1,0.0,0,0
442,442,13.44,1,29,0.0,63,1,1.0,0,0
443,443,15.04,1,24,5.0,60,1,1.0,1,0
444,444,7.48,2,21,4.0,52,1,1.0,1,0
445,445,10.11,2,23,2.0,63,0,0.0,0,1
446,446,10.88,1,13,3.0,52,0,0.0,1,0
447,447,13.97,1,14,8.0,52,1,0.0,0,1
448,448,3.48,1,9,1.0,31,0,0.0,0,1
449,449,10.73,1,6,6.0,35,1,0.0,0,0
450,450,5.18,2,9,2.0,30,0,1.0,1,0
451,451,8.47,2,24,0.0,68,1,0.0,0,0
452,452,15.64,1,20,4.0,141,1,0.0,0,0
453,453,10.95,2,9,1.0,65,0,0.0,0,0
454,454,19.29,2,7,8.0,84,1,1.0,0,1
455,455,2.59,2,13,5.0,28,1,1.0,0,0
456,456,3.98,3,19,3.0,41,1,1.0,1,0
457,457,6.06,1,10,8.0,41,0,0.0,0,1
458,458,6.72,1,8,5.0,31,1,0.0,0,0
459,459,19.04,2,27,2.0,85,1,1.0,0,1
460,460,14.28,3,23,5.0,77,0,1.0,0,1
461,461,16.26,3,16,6.0,70,1,0.0,0,0
462,462,4.25,1,5,4.0,22,0,1.0,0,0
463,463,12.26,1,20,2.0,66,0,1.0,0,0
464,464,19.81,1,27,1.0,74,0,1.0,0,0
465,465,18.2,2,27,1.0,108,1,1.0,0,0
466,466,12.85,2,14,8.0,73,1,0.0,0,1
467,467,6.91,1,27,8.0,91,1,1.0,0,0
468,468,9.64,1,10,5.0,46,1,1.0,0,0
469,469,9.64,2,14,6.0,52,1,0.0,0,0
470,470,2.28,2,27,6.0,44,1,0.0,0,1
471,471,15.34,1,18,6.0,54,0,0.0,0,0
472,472,3.22,2,14,8.0,34,1,0.0,0,0
473,473,9.71,1,8,1.0,49,1,1.0,0,0
474,474,17.18,2,13,1.0,62,1,1.0,0,1
475,475,5.3,2,29,3.0,47,0,1.0,0,1
476,476,10.0,2,6,9.0,47,0,1.0,0,1
477,477,10.75,2,8,6.0,60,1,0.0,0,0
478,478,9.49,2,23,6.0,53,1,0.0,1,0
479,479,7.24,2,28,7.0,57,0,1.0,0,0
480,480,16.09,1,21,8.0,66,1,0.0,0,0
481,481,15.53,1,26,6.0,83,1,1.0,0,0
482,482,19.41,1,11,8.0,62,1,1.0,0,0
483,483,17.24,1,17,5.0,69,1,1.0,0,0
484,484,11.33,1,25,3.0,60,1,1.0,0,0
485,485,18.23,1,27,9.0,86,0,0.0,0,1
486,486,1.17,2,16,9.0,25,1,1.0,0,0
487,487,5.33,1,29,1.0,51,1,1.0,1,0
488,488,4.14,1,23,2.0,41,1,0.0,0,0
489,489,2.02,3,28,5.0,44,1,1.0,0,0
490,490,14.46,2,11,9.0,68,1,0.0,0,1
491,491,3.86,2,21,8.0,34,0,1.0,0,0
492,492,12.59,2,13,9.0,62,1,1.0,0,0
493,493,1.11,3,22,8.0,35,1,1.0,0,1
494,494,9.11,1,19,6.0,42,0,1.0,0,0
495,495,18.77,2,24,0.0,115,1,0.0,0,0
496,496,16.35,2,16,6.0,67,1,0.0,0,0
497,497,6.22,1,16,9.0,29,0,1.0,0,0
498,498,7.78,3,25,3.0,74,0,0.0,0,0
499,499,0.88,1,27,2.0,37,1,0.0,1,0
500,500,16.43,1,13,5.0,56,1,1.0,0,0
501,501,8.04,2,27,0.0,65,1,1.0,1,0
502,502,18.65,1,19,2.0,68,1,0.0,1,0
503,503,5.73,1,7,2.0,30,1,0.0,0,1
504,504,12.42,1,28,9.0,79,1,0.0,0,0
505,505,2.11,1,28,5.0,34,0,1.0,0,1
506,506,18.62,1,27,6.0,75,1,1.0,0,1
507,507,17.61,2,19,3.0,80,1,1.0,0,1
508,508,10.62,2,7,2.0,48,1,0.0,0,0
509,509,18.83,2,8,0.0,68,1,1.0,0,0
510,510,14.07,2,16,9.0,73,1,1.0,0,0
511,511,9.29,2,10,9.0,40,1,1.0,0,0
512,512,1.29,1,7,7.0,15,1,0.0,0,0
513,513,4.08,2,7,0.0,33,0,1.0,0,0
514,514,19.12,3,8,0.0,92,1,1.0,1,0
515,515,17.93,2,29,4.0,85,0,1.0,0,0
516,516,2.33,1,6,1.0,17,1,1.0,1,0
517,517,3.18,2,21,3.0,42,1,0.0,0,0
518,518,1.97,3,28,7.0,43,1,1.0,1,0
519,519,6.2,3,7,3.0,42,1,1.0,0,1
520,520,1.02,3,6,8.0,21,1,1.0,0,0
521,521,5.3,1,16,5.0,32,1,1.0,0,0
522,522,9.34,1,10,0.0,40,1,0.0,1,0
523,523,10.09,2,7,0.0,49,1,1.0,0,0
524,524,15.35,3,23,9.0,80,1,0.0,0,1
525,525,17.12,1,26,3.0,86,1,0.0,0,0
526,526,3.94,1,19,3.0,43,0,0.0,0,0
527,527,18.02,2,12,3.0,77,1,1.0,1,0
528,528,14.41,2,8,8.0,75,1,0.0,0,0
529,529,11.44,2,20,2.0,57,1,0.0,1,0
530,530,15.23,1,6,0.0,52,1,0.0,1,0
531,531,1.95,1,16,2.0,23,1,1.0,0,1
532,532,7.72,2,11,5.0,36,1,0.0,0,0
533,533,11.78,1,26,3.0,71,0,1.0,0,1
534,534,3.4,2,11,6.0,30,1,1.0,0,0
535,535,2.14,3,18,3.0,34,1,1.0,0,0
536,536,10.04,3,12,9.0,59,0,0.0,0,0
537,537,14.72,2,15,8.0,80,1,1.0,0,1
538,538,3.7,2,28,7.0,45,1,1.0,0,0
539,539,19.73,1,8,8.0,64,1,0.0,0,0
540,540,10.83,2,8,9.0,51,1,1.0,0,1
541,541,16.3,1,12,1.0,100,1,0.0,1,0
542,542,5.98,3,14,6.0,44,1,0.0,0,0
543,543,5.98,3,21,2.0,60,1,0.0,0,0
544,544,4.14,2,21,0.0,46,1,0.0,0,0
545,545,16.68,2,9,9.0,63,0,1.0,0,0
546,546,18.69,2,23,9.0,74,1,1.0,0,0
547,547,18.44,3,27,7.0,80,1,0.0,0,0
548,548,13.0,3,22,8.0,65,1,1.0,0,0
549,549,16.45,2,25,3.0,87,1,1.0,0,1
550,550,16.17,2,10,2.0,116,1,1.0,1,0
551,551,17.88,2,29,3.0,98,1,1.0,0,0
552,552,5.23,2,19,4.0,37,1,1.0,0,1
553,553,4.32,2,17,4.0,36,1,1.0,0,0
554,554,9.09,2,6,7.0,43,1,0.0,0,0
555,555,12.67,2,7,3.0,43,1,1.0,0,1
556,556,1.85,2,10,1.0,24,1,1.0,0,0
557,557,7.51,1,27,6.0,50,1,0.0,1,0
558,558,6.58,1,13,1.0,34,0,1.0,0,0
559,559,12.7,1,22,2.0,57,1,1.0,0,1
560,560,7.31,2,26,2.0,65,0,0.0,0,0
561,561,9.2,3,9,9.0,48,1,1.0,0,1
562,562,10.22,1,21,0.0,61,0,0.0,0,1
563,563,8.15,3,12,9.0,43,1,1.0,0,1
564,564,10.61,2,17,0.0,59,1,1.0,0,0
565,565,7.73,3,29,5.0,58,1,1.0,0,0
566,566,19.66,1,19,6.0,70,1,1.0,1,0
567,567,14.66,3,5,6.0,71,1,0.0,1,0
568,568,9.73,1,29,6.0,60,0,1.0,0,0
569,569,14.52,2,26,5.0,86,0,1.0,1,0
570,570,5.93,3,27,1.0,106,1,0.0,0,1
571,571,4.94,3,28,4.0,63,1,0.0,0,1
572,572,11.88,3,29,9.0,78,0,0.0,1,0
573,573,19.41,2,7,6.0,66,1,0.0,1,0
574,574,3.68,3,16,6.0,47,0,1.0,1,0
575,575,11.06,3,6,9.0,53,1,1.0,0,0
576,576,10.2,2,18,9.0,56,0,0.0,0,0
577,577,0.74,1,13,4.0,21,1,0.0,1,0
578,578,15.21,2,20,9.0,90,0,0.0,0,0
579,579,7.69,3,16,3.0,58,1,0.0,0,1
580,580,11.21,3,23,1.0,76,0,1.0,0,1
581,581,6.18,2,9,9.0,35,1,1.0,0,0
582,582,2.71,2,6,5.0,19,1,1.0,1,0
583,583,3.49,2,17,2.0,38,1,1.0,0,0
584,584,9.29,2,17,2.0,49,1,1.0,0,0
585,585,0.71,1,29,1.0,41,1,0.0,0,0
586,586,5.32,1,27,2.0,48,0,0.0,0,1
587,587,4.1,2,18,3.0,38,1,1.0,1,0
588,588,13.84,1,18,5.0,64,1,1.0,0,1
589,589,3.9,3,25,9.0,54,1,0.0,1,0
590,590,18.6,2,28,9.0,77,1,0.0,1,0
591,591,14.88,2,10,0.0,64,1,0.0,0,0
592,592,3.63,2,22,9.0,39,1,1.0,1,0
593,593,3.22,3,7,7.0,27,1,1.0,1,0
594,594,11.51,1,5,7.0,57,0,0.0,1,0
595,595,19.72,1,27,6.0,109,0,0.0,0,0
596,596,11.08,1,28,2.0,58,1,1.0,0,1
597,597,3.95,2,28,5.0,47,1,1.0,1,0
598,598,7.29,3,11,7.0,48,1,1.0,1,0
599,599,10.3,1,12,7.0,41,1,1.0,1,0
600,600,10.73,3,27,6.0,83,0,0.0,1,0
601,601,17.28,1,28,3.0,72,1,1.0,1,0
602,602,13.37,2,16,9.0,71,1,0.0,0,1
603,603,11.36,2,8,2.0,52,1,1.0,0,1
604,604,7.58,3,19,9.0,57,0,1.0,0,1
605,605,6.13,3,25,6.0,59,1,0.0,0,0
606,606,2.32,1,23,1.0,32,0,1.0,0,1
607,607,17.49,1,27,9.0,97,1,0.0,0,0
608,608,1.69,2,11,7.0,20,0,1.0,1,0
609,609,4.52,1,17,0.0,71,1,1.0,1,0
610,610,7.15,1,15,3.0,42,1,1.0,0,0
611,611,10.86,2,10,4.0,60,1,1.0,1,0
612,612,15.88,1,17,1.0,68,1,0.0,1,0
613,613,9.7,1,6,5.0,45,1,0.0,0,0
614,614,14.95,2,13,7.0,49,1,1.0,0,0
615,615,11.36,1,6,4.0,47,0,0.0,0,0
616,616,12.14,3,12,0.0,65,0,0.0,0,0
617,617,16.31,2,14,7.0,71,0,0.0,1,0
618,618,14.7,2,24,5.0,75,1,1.0,0,1
619,619,13.42,2,6,6.0,105,1,0.0,0,0
620,620,7.9,1,22,5.0,48,0,1.0,0,1
621,621,15.35,1,5,3.0,56,1,0.0,1,0
622,622,15.12,1,14,1.0,58,1,0.0,0,0
623,623,0.82,1,18,9.0,23,1,1.0,1,0
624,624,6.43,1,9,7.0,26,1,1.0,1,0
625,625,8.66,3,29,3.0,77,1,0.0,0,0
626,626,11.16,2,21,4.0,77,0,0.0,1,0
627,627,18.77,1,15,5.0,71,0,0.0,1,0
628,628,5.84,2,21,7.0,35,1,1.0,0,0
629,629,1.01,3,17,7.0,29,1,1.0,0,0
630,630,3.92,2,20,9.0,41,1,0.0,0,0
631,631,12.77,1,22,8.0,71,1,0.0,0,0
632,632,2.33,1,9,2.0,18,1,1.0,0,0
633,633,2.92,3,24,4.0,48,0,1.0,0,0
634,634,13.35,1,14,4.0,91,1,0.0,0,1
635,635,5.26,2,28,8.0,51,1,0.0,0,1
636,636,4.39,2,12,8.0,38,1,0.0,0,0
637,637,8.67,3,20,4.0,55,1,1.0,0,0
638,638,16.53,1,24,9.0,99,0,0.0,0,1
639,639,13.47,2,19,4.0,59,1,1.0,0,0
640,640,18.86,2,18,1.0,89,1,0.0,0,0
641,641,12.81,1,12,2.0,51,1,1.0,0,0
642,642,2.4,1,27,5.0,42,1,0.0,0,1
643,643,7.44,2,6,1.0,39,1,0.0,0,0
644,644,1.89,2,13,7.0,22,1,1.0,0,1
645,645,19.28,2,21,3.0,101,1,0.0,1,0
646,646,6.29,2,10,7.0,27,1,1.0,0,1
647,647,1.81,2,23,3.0,34,0,1.0,1,0
648,648,1.74,2,23,2.0,34,1,1.0,0,0
649,649,13.44,2,22,1.0,79,1,1.0,1,0
650,650,7.11,1,27,5.0,48,0,1.0,0,1
651,651,4.5,1,20,6.0,32,1,1.0,0,1
652,652,8.31,2,6,5.0,44,1,1.0,0,0
653,653,16.37,3,26,7.0,97,1,1.0,0,0
654,654,9.78,2,18,3.0,58,0,1.0,0,0
655,655,4.88,2,26,7.0,48,0,1.0,0,1
656,656,5.54,2,28,9.0,51,1,0.0,0,1
657,657,11.54,3,10,0.0,56,0,1.0,1,0
658,658,12.85,1,5,5.0,54,0,1.0,0,1
659,659,5.56,1,19,5.0,31,0,1.0,0,1
660,660,3.33,2,24,2.0,44,1,1.0,0,1
661,661,3.47,3,24,9.0,53,1,0.0,0,0
662,662,12.01,1,26,6.0,57,1,1.0,0,1
663,663,15.98,1,21,6.0,90,1,0.0,1,0
664,664,3.64,1,16,3.0,26,1,1.0,0,1
665,665,19.47,1,16,8.0,83,1,1.0,0,0
666,666,15.51,2,10,8.0,81,1,0.0,0,1
667,667,10.42,2,28,3.0,72,0,1.0,0,0
668,668,15.9,1,19,5.0,78,1,0.0,1,0
669,669,15.17,1,25,4.0,77,1,1.0,0,0
670,670,2.78,1,21,4.0,37,1,0.0,0,0
671,671,1.98,1,22,0.0,39,0,0.0,0,0
672,672,14.03,1,17,2.0,65,0,1.0,0,0
673,673,2.06,2,22,4.0,40,1,0.0,0,1
674,674,11.02,3,22,2.0,70,1,1.0,0,1
675,675,17.95,3,16,5.0,96,1,0.0,0,1
676,676,5.17,1,29,0.0,56,1,0.0,0,0
677,677,16.62,1,26,8.0,94,0,0.0,0,0
678,678,0.71,1,25,8.0,31,1,0.0,1,0
679,679,13.44,2,9,5.0,55,1,1.0,0,1
680,680,13.1,1,28,2.0,72,1,1.0,0,0
681,681,19.24,3,9,7.0,75,0,0.0,0,0
682,682,5.35,2,24,6.0,43,0,1.0,0,1
683,683,12.22,1,15,0.0,56,1,1.0,0,1
684,684,18.55,1,11,9.0,69,0,1.0,1,0
685,685,6.44,1,18,2.0,43,0,1.0,1,0
686,686,8.77,2,14,7.0,49,1,0.0,1,0
687,687,10.97,1,27,3.0,51,0,1.0,0,1
688,688,6.68,3,10,5.0,44,1,1.0,0,1
689,689,12.93,1,25,0.0,61,0,0.0,0,1
690,690,7.99,2,18,4.0,42,1,1.0,0,0
691,691,15.78,3,12,1.0,68,0,1.0,0,1
692,692,9.95,3,21,5.0,72,1,1.0,0,1
693,693,13.47,1,7,6.0,46,0,0.0,0,1
694,694,17.19,2,11,8.0,76,0,1.0,0,0
695,695,3.23,3,17,9.0,33,0,1.0,0,0
696,696,1.27,3,25,9.0,46,0,0.0,0,0
697,697,4.71,1,20,6.0,31,1,1.0,0,0
698,698,12.82,2,28,9.0,72,1,0.0,0,0
699,699,18.21,1,6,3.0,74,1,1.0,0,0
700,700,9.51,3,26,9.0,63,1,1.0,0,0
701,701,0.89,1,9,0.0,20,1,0.0,1,0
702,702,5.24,3,26,8.0,51,0,1.0,0,1
703,703,10.64,1,11,9.0,36,1,1.0,1,0
704,704,13.23,2,20,8.0,70,1,1.0,0,0
705,705,19.03,2,8,8.0,65,1,1.0,0,1
706,706,10.3,1,29,0.0,73,1,0.0,0,0
707,707,12.39,2,14,8.0,56,1,0.0,0,0
708,708,18.8,3,23,7.0,95,0,1.0,0,0
709,709,16.78,2,22,1.0,70,1,0.0,0,0
710,710,7.85,1,7,9.0,34,0,1.0,0,1
711,711,11.63,2,29,7.0,57,1,1.0,0,1
712,712,7.8,2,17,6.0,44,0,1.0,1,0
713,713,11.88,2,5,1.0,63,0,0.0,0,0
714,714,14.89,3,22,9.0,88,1,1.0,1,0
715,715,16.44,3,12,5.0,86,0,0.0,0,0
716,716,2.65,2,14,4.0,35,0,1.0,1,0
717,717,18.01,3,14,2.0,71,1,0.0,0,0
718,718,10.32,2,24,5.0,49,1,1.0,1,0
719,719,6.37,1,29,4.0,56,0,0.0,1,0
720,720,3.74,1,19,6.0,36,1,0.0,0,0
721,721,17.99,3,5,1.0,73,1,1.0,0,0
722,722,13.96,1,5,1.0,42,1,0.0,0,0
723,723,16.02,1,20,7.0,61,1,1.0,0,0
724,724,7.52,2,17,9.0,44,0,1.0,1,0
725,725,2.51,1,16,2.0,28,1,1.0,0,0
726,726,6.7,3,23,3.0,59,1,0.0,0,1
727,727,17.61,1,5,8.0,61,1,1.0,0,0
728,728,3.65,2,29,9.0,46,1,1.0,0,0
729,729,14.27,2,24,3.0,77,1,1.0,1,0
730,730,8.85,1,11,9.0,45,0,1.0,0,0
731,731,9.24,2,8,2.0,49,0,1.0,0,0
732,732,19.7,1,16,6.0,66,1,0.0,1,0
733,733,11.61,3,19,1.0,67,1,1.0,1,0
734,734,16.44,3,8,0.0,80,0,1.0,1,0
735,735,8.67,3,12,7.0,104,0,0.0,0,0
736,736,5.14,2,23,7.0,43,1,1.0,0,1
737,737,10.46,2,25,3.0,68,1,1.0,0,0
738,738,5.23,2,23,2.0,47,1,1.0,0,1
739,739,10.35,2,7,9.0,48,1,1.0,0,0
740,740,4.04,3,14,6.0,39,1,0.0,0,0
741,741,2.66,1,16,8.0,21,0,1.0,0,0
742,742,17.61,2,9,5.0,74,0,0.0,0,0
743,743,8.48,3,11,5.0,39,1,1.0,0,0
744,744,17.06,1,9,9.0,66,1,1.0,0,0
745,745,6.78,1,18,6.0,42,1,0.0,0,0
746,746,9.0,2,29,3.0,78,0,0.0,1,0
747,747,12.74,1,12,0.0,63,0,1.0,0,1
748,748,18.72,2,17,0.0,89,0,0.0,0,0
749,749,3.23,1,7,7.0,14,1,1.0,0,0
750,750,12.56,1,22,8.0,49,1,1.0,1,0
751,751,1.0,2,28,0.0,51,1,0.0,0,0
752,752,3.46,1,24,6.0,37,1,1.0,0,0
753,753,6.0,1,20,8.0,53,1,0.0,1,0
754,754,14.79,2,12,9.0,64,1,1.0,0,1
755,755,14.65,3,19,3.0,95,1,0.0,1,0
756,756,14.2,2,17,1.0,73,0,1.0,0,0
757,757,7.04,1,11,8.0,38,0,1.0,0,0
758,758,19.74,2,16,1.0,98,0,1.0,1,0
759,759,11.88,2,20,8.0,69,1,0.0,0,0
760,760,18.63,1,26,8.0,75,1,1.0,0,0
761,761,8.8,2,6,2.0,38,0,0.0,0,0
762,762,11.75,3,9,2.0,55,1,1.0,0,0
763,763,18.95,1,27,0.0,92,1,0.0,1,0
764,764,7.6,1,16,4.0,48,1,0.0,0,0
765,765,17.99,1,11,2.0,84,1,0.0,1,0
766,766,13.82,2,21,9.0,72,1,1.0,0,0
767,767,15.53,1,26,7.0,68,1,0.0,0,0
768,768,3.97,3,19,8.0,40,0,1.0,0,0
769,769,10.1,3,17,6.0,55,1,1.0,1,0
770,770,18.21,1,5,1.0,70,1,0.0,0,0
771,771,2.68,1,16,8.0,25,1,1.0,0,0
772,772,3.88,1,9,6.0,33,1,0.0,0,0
773,773,15.89,2,15,9.0,91,0,0.0,1,0
774,774,6.73,2,21,1.0,54,0,1.0,0,0
775,775,0.75,2,10,5.0,16,0,1.0,0,0
776,776,13.79,1,11,0.0,69,1,0.0,0,1
777,777,18.83,2,5,8.0,69,1,1.0,0,1
778,778,11.62,1,9,8.0,33,0,1.0,0,0
779,779,5.03,2,17,5.0,38,1,1.0,0,0
780,780,15.08,2,26,1.0,94,1,0.0,0,1
781,781,10.48,1,10,7.0,45,0,0.0,1,0
782,782,7.82,2,16,8.0,45,1,0.0,0,0
783,783,16.98,1,11,6.0,78,1,1.0,0,0
784,784,14.83,1,19,4.0,126,1,0.0,1,0
785,785,5.67,1,11,9.0,27,1,1.0,0,1
786,786,18.33,2,5,5.0,67,1,0.0,0,1
787,787,17.46,2,6,5.0,62,1,1.0,0,1
788,788,1.34,3,9,5.0,30,1,0.0,0,0
789,789,1.38,1,13,9.0,17,1,1.0,0,1
790,790,3.67,1,9,0.0,26,1,1.0,0,0
791,791,7.86,2,22,2.0,55,1,1.0,1,0
792,792,8.98,2,22,8.0,105,0,1.0,0,1
793,793,12.85,2,6,7.0,61,1,0.0,0,1
794,794,17.91,1,6,7.0,68,0,1.0,0,0
795,795,15.09,1,20,7.0,68,1,0.0,1,0
796,796,4.22,2,16,7.0,35,1,1.0,0,0
797,797,12.33,3,7,2.0,101,1,1.0,0,0
798,798,17.87,1,29,4.0,87,1,0.0,0,1
799,799,2.16,2,10,1.0,23,1,1.0,1,0
800,800,3.11,2,21,1.0,43,1,0.0,0,1
801,801,1.42,3,24,2.0,40,0,1.0,0,1
802,802,18.57,2,16,7.0,89,0,0.0,0,0
803,803,17.51,2,15,3.0,60,1,1.0,0,0
804,804,6.84,2,25,1.0,51,1,1.0,0,0
805,805,18.34,2,22,5.0,91,0,0.0,0,1
806,806,3.51,2,22,2.0,44,1,1.0,0,0
807,807,14.7,2,6,2.0,58,1,1.0,0,1
808,808,16.85,3,17,4.0,71,1,1.0,1,0
809,809,16.26,1,27,5.0,66,1,0.0,1,0
810,810,19.1,2,25,6.0,90,1,0.0,0,0
811,811,13.71,2,22,9.0,64,1,0.0,0,0
812,812,8.92,2,10,1.0,51,1,1.0,0,0
813,813,14.58,1,23,0.0,70,1,1.0,0,0
814,814,9.71,1,27,5.0,61,0,1.0,1,0
815,815,19.94,1,26,6.0,83,0,1.0,0,0
816,816,4.53,2,18,4.0,49,1,0.0,0,1
817,817,10.7,3,8,4.0,57,0,1.0,1,0
818,818,10.13,2,22,0.0,65,1,1.0,0,0
819,819,0.78,1,11,0.0,18,0,1.0,0,0
820,820,18.84,2,25,8.0,88,0,0.0,0,1
821,821,15.08,1,29,7.0,84,1,0.0,0,0
822,822,17.32,1,10,3.0,77,1,1.0,0,1
823,823,6.81,2,23,2.0,47,1,1.0,0,0
824,824,2.79,3,23,7.0,38,1,1.0,0,0
825,825,11.44,3,14,4.0,74,0,0.0,1,0
826,826,2.44,3,13,9.0,39,1,0.0,0,0
827,827,2.48,1,20,8.0,30,1,0.0,0,1
828,828,7.75,2,21,1.0,55,1,1.0,0,1
829,829,0.85,2,9,8.0,17,1,1.0,0,0
830,830,8.87,1,19,3.0,55,1,1.0,0,0
831,831,15.37,2,15,5.0,66,0,0.0,1,0
832,832,10.29,2,25,4.0,67,1,0.0,0,1
833,833,15.06,1,22,4.0,65,1,0.0,0,0
834,834,3.54,1,23,7.0,37,1,0.0,0,0
835,835,7.17,2,7,9.0,29,1,1.0,0,1
836,836,4.62,2,8,3.0,33,0,0.0,1,0
837,837,5.53,1,10,8.0,27,1,1.0,1,0
838,838,12.74,1,17,9.0,63,0,0.0,0,0
839,839,9.06,3,26,3.0,61,1,1.0,0,0
840,840,2.71,1,6,0.0,28,1,0.0,0,0
841,841,16.92,1,23,5.0,78,1,1.0,0,0
842,842,13.54,1,11,1.0,54,1,0.0,0,0
843,843,1.0,2,25,4.0,44,1,0.0,0,0
844,844,8.77,2,12,2.0,42,1,1.0,1,0
845,845,16.01,1,28,0.0,84,1,1.0,1,0
846,846,12.63,2,8,8.0,49,1,0.0,0,1
847,847,8.09,1,22,2.0,56,1,0.0,1,0
848,848,6.54,2,10,7.0,39,1,1.0,0,0
849,849,10.64,2,14,5.0,45,0,1.0,0,1
850,850,1.77,2,14,9.0,22,1,1.0,0,0
851,851,13.0,1,25,7.0,77,1,0.0,0,0
852,852,12.83,1,5,8.0,50,1,1.0,0,0
853,853,13.02,3,6,9.0,65,0,0.0,1,0
854,854,18.89,2,22,1.0,74,1,0.0,0,1
855,855,10.53,3,25,8.0,72,1,0.0,0,0
856,856,5.01,1,10,5.0,31,0,0.0,0,0
857,857,16.0,2,13,3.0,65,0,0.0,0,1
858,858,17.86,1,16,8.0,83,0,1.0,0,1
859,859,2.99,3,9,5.0,90,0,0.0,0,0
860,860,16.38,2,6,2.0,51,1,1.0,0,0
861,861,6.09,2,7,4.0,27,1,1.0,0,0
862,862,13.61,1,26,0.0,66,1,1.0,0,0
863,863,8.5,3,14,7.0,56,1,0.0,0,0
864,864,8.55,1,28,8.0,46,1,1.0,0,1
865,865,4.05,2,21,5.0,39,0,1.0,0,1
866,866,19.5,3,18,2.0,73,1,1.0,0,0
867,867,7.59,2,16,3.0,37,0,1.0,0,1
868,868,16.66,3,29,7.0,95,0,0.0,0,1
869,869,19.41,3,21,3.0,100,1,0.0,1,0
870,870,13.74,2,6,1.0,56,0,0.0,0,0
871,871,0.64,3,10,3.0,24,1,1.0,0,0
872,872,12.1,3,11,0.0,53,0,1.0,0,0
873,873,12.09,2,13,1.0,60,1,1.0,1,0
874,874,11.82,2,24,7.0,77,1,1.0,0,0
875,875,5.28,1,27,6.0,53,1,0.0,0,0
876,876,5.98,1,22,9.0,35,1,1.0,1,0
877,877,2.93,2,24,8.0,94,1,1.0,0,0
878,878,4.05,2,19,2.0,50,1,0.0,0,1
879,879,13.61,1,12,2.0,43,1,1.0,0,1
880,880,2.88,2,16,4.0,41,1,0.0,1,0
881,881,5.91,2,29,4.0,57,1,1.0,0,1
882,882,6.0,2,21,2.0,47,1,0.0,0,1
883,883,11.33,2,29,7.0,77,0,1.0,0,1
884,884,15.01,2,15,6.0,64,1,1.0,0,0
885,885,6.85,3,16,5.0,48,1,1.0,0,0
886,886,11.93,3,7,1.0,75,1,0.0,1,0
887,887,18.82,1,5,3.0,77,1,1.0,1,0
888,888,1.03,2,19,4.0,29,0,1.0,0,0
889,889,14.22,2,25,8.0,84,1,0.0,1,0
890,890,18.18,3,17,3.0,85,1,0.0,0,0
891,891,14.75,1,10,7.0,62,1,1.0,1,0
892,892,11.7,1,17,5.0,60,0,0.0,0,0
893,893,10.68,1,14,1.0,42,1,1.0,0,0
894,894,1.51,3,26,1.0,44,1,1.0,0,0
895,895,8.01,3,8,6.0,48,1,1.0,0,0
896,896,3.23,1,25,7.0,42,1,0.0,1,0
897,897,13.16,3,25,8.0,68,1,0.0,0,1
898,898,10.11,1,11,4.0,44,1,1.0,0,0
899,899,18.39,1,24,6.0,74,0,1.0,0,0
900,900,10.62,2,22,5.0,54,0,1.0,1,0
901,901,10.73,2,7,5.0,57,0,1.0,0,0
902,902,6.23,2,20,1.0,51,1,1.0,1,0
903,903,2.14,1,25,1.0,36,0,1.0,0,0
904,904,12.83,2,19,2.0,76,1,1.0,0,0
905,905,8.37,3,13,7.0,42,1,1.0,0,1
906,906,3.69,2,8,8.0,27,0,0.0,0,0
907,907,18.1,1,8,5.0,77,1,1.0,0,1
908,908,7.06,1,26,5.0,51,0,1.0,0,1
909,909,1.94,1,10,1.0,25,1,0.0,0,0
910,910,0.59,1,21,0.0,27,0,1.0,0,0
911,911,17.01,1,28,6.0,97,1,0.0,0,0
912,912,5.36,1,11,4.0,30,0,1.0,0,1
913,913,12.0,1,25,0.0,75,1,1.0,1,0
914,914,16.23,2,6,0.0,54,1,1.0,0,0
915,915,19.04,1,12,6.0,60,1,0.0,1,0
916,916,18.33,2,19,0.0,98,1,0.0,0,1
917,917,2.58,2,25,7.0,37,1,1.0,0,1
918,918,4.65,2,21,1.0,46,1,1.0,0,0
919,919,17.33,1,12,3.0,79,1,0.0,0,1
920,920,0.68,3,29,8.0,50,1,0.0,0,0
921,921,19.33,2,7,8.0,73,1,1.0,0,0
922,922,3.42,2,11,9.0,24,1,1.0,1,0
923,923,19.02,3,22,1.0,106,1,0.0,0,1
924,924,17.81,3,21,4.0,122,1,1.0,0,0
925,925,2.67,2,17,6.0,28,1,1.0,1,0
926,926,19.24,1,26,1.0,114,1,0.0,0,0
927,927,14.41,2,16,6.0,85,1,0.0,0,0
928,928,2.41,2,15,9.0,25,1,1.0,0,0
929,929,17.98,1,5,8.0,45,1,1.0,0,0
930,930,7.34,2,22,5.0,93,0,0.0,0,0
931,931,12.51,2,18,5.0,62,1,1.0,0,0
932,932,4.97,1,17,9.0,34,1,0.0,0,0
933,933,19.1,1,18,1.0,101,0,0.0,0,0
934,934,4.64,1,15,9.0,24,0,1.0,0,0
935,935,14.07,1,10,5.0,63,1,0.0,0,0
936,936,3.79,2,13,2.0,34,1,1.0,0,0
937,937,3.96,2,23,5.0,44,0,1.0,0,0
938,938,18.31,2,25,3.0,79,0,1.0,0,0
939,939,6.76,2,7,6.0,42,1,0.0,0,0
940,940,0.76,1,26,9.0,28,0,1.0,1,0
941,941,5.81,2,14,8.0,41,1,0.0,0,0
942,942,12.08,3,16,4.0,60,0,1.0,0,1
943,943,1.57,1,16,1.0,30,1,0.0,1,0
944,944,11.89,2,28,0.0,79,0,1.0,0,0
945,945,7.02,2,23,2.0,53,1,1.0,1,0
946,946,13.85,1,29,5.0,71,1,1.0,0,0
947,947,9.32,2,24,2.0,71,1,0.0,0,1
948,948,7.72,3,19,4.0,64,1,0.0,0,0
949,949,8.15,1,26,2.0,50,0,0.0,0,0
950,950,3.54,2,17,4.0,41,0,0.0,0,1
951,951,3.16,1,9,5.0,27,1,0.0,1,0
952,952,11.65,1,10,3.0,53,1,1.0,0,0
953,953,5.22,2,14,3.0,43,1,0.0,0,1
954,954,5.41,3,17,6.0,38,1,1.0,0,1
955,955,9.88,2,7,0.0,43,1,0.0,1,0
956,956,19.86,3,12,8.0,71,1,0.0,0,0
957,957,5.53,3,23,4.0,59,1,1.0,0,0
958,958,12.46,1,10,1.0,62,0,0.0,0,0
959,959,1.38,2,6,3.0,17,1,1.0,1,0
960,960,10.79,2,24,1.0,65,1,1.0,0,1
961,961,14.23,2,23,7.0,70,0,1.0,0,1
962,962,1.21,1,22,1.0,39,0,0.0,0,0
963,963,11.1,1,18,7.0,56,0,1.0,0,0
964,964,17.1,2,25,5.0,65,1,1.0,0,0
965,965,3.22,2,19,9.0,32,0,1.0,0,0
966,966,19.27,2,29,9.0,85,1,0.0,1,0
967,967,2.82,2,10,1.0,29,1,0.0,0,1
968,968,7.67,2,22,8.0,59,0,0.0,0,1
969,969,16.07,2,16,5.0,64,1,1.0,0,0
970,970,7.97,2,9,8.0,35,1,1.0,0,1
971,971,18.0,3,22,5.0,98,1,0.0,1,0
972,972,16.17,2,12,2.0,78,1,1.0,0,1
973,973,14.86,3,15,4.0,91,1,1.0,0,1
974,974,11.68,2,25,7.0,70,0,1.0,0,1
975,975,12.59,1,10,2.0,39,1,1.0,0,1
976,976,8.96,2,6,5.0,51,1,0.0,1,0
977,977,16.51,2,7,1.0,79,1,1.0,0,0
978,978,16.01,1,12,4.0,72,0,1.0,1,0
979,979,19.74,3,11,7.0,81,0,0.0,0,1
980,980,8.64,1,29,4.0,62,1,0.0,0,0
981,981,5.13,2,16,1.0,38,1,1.0,1,0
982,982,5.78,3,11,5.0,38,1,1.0,0,0
983,983,2.6,1,16,1.0,29,0,1.0,0,0
984,984,2.34,2,8,2.0,28,1,0.0,0,0
985,985,12.93,2,20,8.0,58,1,1.0,0,1
986,986,1.6,2,14,8.0,24,1,1.0,0,0
987,987,7.44,1,27,5.0,53,1,0.0,0,0
988,988,14.39,2,6,5.0,50,1,0.0,0,1
989,989,6.07,1,18,4.0,35,0,1.0,0,0
990,990,17.97,2,28,7.0,92,1,1.0,0,1
991,991,17.53,1,14,6.0,79,0,1.0,0,0
992,992,12.43,3,13,6.0,70,1,0.0,0,0
993,993,10.89,2,7,0.0,58,1,1.0,0,0
994,994,4.37,2,6,7.0,25,1,1.0,0,1
995,995,8.5,3,13,3.0,54,1,1.0,1,0
996,996,16.28,1,8,9.0,71,1,0.0,0,1
997,997,15.62,3,26,2.0,81,1,0.0,0,1
998,998,14.17,1,8,0.0,55,0,1.0,0,0
999,999,6.63,1,24,3.0,58,1,0.0,0,1
